title,abstract,categories,update_date,concat,cluster
avalanch inject flux central hole superconduct mgb ring,magnetoopt imag use observ dendrit flux avalanch connect outer inner edg ringshap superconduct mgb film avalanch creat heat channel across entir width ring inject larg amount flux central hole measur inject flux correspond reduct current typic estim maximum temperatur channel k durat process order microsecond flux creep simul reproduc observ featur current densiti inject event,cond-mat.supr-con,2007-05-23,avalanch inject flux central hole superconduct mgb ring magnetoopt imag use observ dendrit flux avalanch connect outer inner edg ringshap superconduct mgb film avalanch creat heat channel across entir width ring inject larg amount flux central hole measur inject flux correspond reduct current typic estim maximum temperatur channel k durat process order microsecond flux creep simul reproduc observ featur current densiti inject event,7
doubl side watermark embed detect perceptu analysi,previou work introduc doublesid techniqu util reject host interfer due nice properti util reject host interfer big advantag host interfer scheme perceptu analysi easili implement scheme achiev local bound maximum embed strength thu work detail implement perceptu analysi doublesid scheme sinc perceptu analysi import improv fidel watermark content extens perform comparison valid perform advantag doublesid scheme,cs.MM cs.CR,2007-05-23,doubl side watermark embed detect perceptu analysi previou work introduc doublesid techniqu util reject host interfer due nice properti util reject host interfer big advantag host interfer scheme perceptu analysi easili implement scheme achiev local bound maximum embed strength thu work detail implement perceptu analysi doublesid scheme sinc perceptu analysi import improv fidel watermark content extens perform comparison valid perform advantag doublesid scheme,1
chao stormer problem,survey exact result stormer problem describ dynam charg particl earth magnetospher analysi system lead conclus charg particl trap earth magnetospher escap infin trap region bound toruslik surfac van allen inner radiat belt trap region motion charg particl period quasiperiod chaotic three main effect observ earth magnetospher radiat belt radiat aurora south atlant anomali describ framework describ discuss new mathemat problem suggest analysi stormer problem,nlin.CD nlin.SI,2007-05-23,chao stormer problem survey exact result stormer problem describ dynam charg particl earth magnetospher analysi system lead conclus charg particl trap earth magnetospher escap infin trap region bound toruslik surfac van allen inner radiat belt trap region motion charg particl period quasiperiod chaotic three main effect observ earth magnetospher radiat belt radiat aurora south atlant anomali describ framework describ discuss new mathemat problem suggest analysi stormer problem,7
teleport superdens code genuin quadripartit entangl state,investig use differ class genuin quadripartit entangl state quantum resourc teleport superdens code examin possibl teleport unknown one two three qubit state show one use teleport protocol send gener one two qubit state restrict class three qubit state also faith teleport also explor superdens code protocol singlereceiv multireceiv scenario show exist genuin quadripartit entangl state use transmit four cbit send two qubit also discuss interest featur multireceiv scenario locc paradigm,quant-ph,2007-05-23,teleport superdens code genuin quadripartit entangl state investig use differ class genuin quadripartit entangl state quantum resourc teleport superdens code examin possibl teleport unknown one two three qubit state show one use teleport protocol send gener one two qubit state restrict class three qubit state also faith teleport also explor superdens code protocol singlereceiv multireceiv scenario show exist genuin quadripartit entangl state use transmit four cbit send two qubit also discuss interest featur multireceiv scenario locc paradigm,6
measur timevari multipleinput multipleoutput channel,deriv criterion measur identifi multipleinput multipleoutput mimo channel base size socal spread support subchannel novel mimo transmiss techniqu provid highcapac commun channel timevari environ exact knowledg transmiss channel oper key import tri transmit inform rate close channel capac,math.FA math.CA,2007-05-23,measur timevari multipleinput multipleoutput channel deriv criterion measur identifi multipleinput multipleoutput mimo channel base size socal spread support subchannel novel mimo transmiss techniqu provid highcapac commun channel timevari environ exact knowledg transmiss channel oper key import tri transmit inform rate close channel capac,1
oneway permut comput asymmetri distort,comput asymmetri ie discrep complex transform complex invers core oneway transform introduc comput asymmetri function measur amount oneway permut also introduc wordlength asymmetri function group algebra analogu comput asymmetri relat boolean circuit word thompson monoid fix gener set way circuit size equal wordlength moreov boolean circuit represent term element thompson group way circuit size polynomi equival wordlength show circuit built gate constrain fixedlength input output quadrat compact circuit built tradit gate fixedlength input output final show comput asymmetri function close relat certain distort function comput asymmetri function polynomi equival distort path length schreier graph certain thompson group compar path length cayley graph certain thompson monoid also show result razborov other monoton circuit complex lead exponenti lower bound certain distort,math.GR,2007-05-23,oneway permut comput asymmetri distort comput asymmetri ie discrep complex transform complex invers core oneway transform introduc comput asymmetri function measur amount oneway permut also introduc wordlength asymmetri function group algebra analogu comput asymmetri relat boolean circuit word thompson monoid fix gener set way circuit size equal wordlength moreov boolean circuit represent term element thompson group way circuit size polynomi equival wordlength show circuit built gate constrain fixedlength input output quadrat compact circuit built tradit gate fixedlength input output final show comput asymmetri function close relat certain distort function comput asymmetri function polynomi equival distort path length schreier graph certain thompson group compar path length cayley graph certain thompson monoid also show result razborov other monoton circuit complex lead exponenti lower bound certain distort,4
python unleash system biolog,built opensourc softwar system model biomolecular reaction network sloppycel written python make substanti use thirdparti librari numer visual parallel program highlight power featur python provid enabl sloppycel dynam code synthesi symbol manipul parallel explor complex paramet space,q-bio.QM q-bio.MN,2007-05-23,python unleash system biolog built opensourc softwar system model biomolecular reaction network sloppycel written python make substanti use thirdparti librari numer visual parallel program highlight power featur python provid enabl sloppycel dynam code synthesi symbol manipul parallel explor complex paramet space,1
entropi eigenfunct,studi highenergi limit eigenfunct laplacian compact neg curv manifold review recent result anantharamannonnenmach give lower bound kolmogorovsinai entropi semiclass measur improv lower bound case variabl neg curvatur,math-ph math.DS math.MP nlin.CD,2007-05-23,entropi eigenfunct studi highenergi limit eigenfunct laplacian compact neg curv manifold review recent result anantharamannonnenmach give lower bound kolmogorovsinai entropi semiclass measur improv lower bound case variabl neg curvatur,4
use triangular element nearli exact bem solut,librari c function yield exact solut potenti flux influenc due uniform surfac distribut singular flat triangular rectangular element develop librari isl use develop nebem solver precis fast solv wide rang problem scientif technolog interest present exact express propos comput influenc uniform singular distribut triangular element illustr accuraci also present studi concern time taken evalu long complic express textitvi vi spent carri simpl quadratur final solv classic benchmark problem electrostat name estim capacit unit squar plate rais unit volt problem present estim valu capacit compar success accur result avail literatur addit present variat charg densiti close corner plate variou degre discret variat found smooth converg clear contrast critic commonli level usual bem solver,math.NA math-ph math.MP physics.comp-ph,2007-05-23,use triangular element nearli exact bem solut librari c function yield exact solut potenti flux influenc due uniform surfac distribut singular flat triangular rectangular element develop librari isl use develop nebem solver precis fast solv wide rang problem scientif technolog interest present exact express propos comput influenc uniform singular distribut triangular element illustr accuraci also present studi concern time taken evalu long complic express textitvi vi spent carri simpl quadratur final solv classic benchmark problem electrostat name estim capacit unit squar plate rais unit volt problem present estim valu capacit compar success accur result avail literatur addit present variat charg densiti close corner plate variou degre discret variat found smooth converg clear contrast critic commonli level usual bem solver,1
parachut degre polynomi algebra independ one,give simpler proof well gener main result articl shestakov umirbaev latter articl first two solv longstand conjectur nontam wild nagata automorph corollari get interest inform lead term polynomi form automorph dimens reprov tame automorph dimens two,math.AC math.AG,2007-05-23,parachut degre polynomi algebra independ one give simpler proof well gener main result articl shestakov umirbaev latter articl first two solv longstand conjectur nontam wild nagata automorph corollari get interest inform lead term polynomi form automorph dimens reprov tame automorph dimens two,4
invert rectangular biinfinit matric applic timefrequ analysi,finit dimension matric column row left invers row column right invers give gener simpl fact biinfinit matric use obtain densiti result pframe timefrequ molecul modul space identifi result oper bandlimit kohnnirenberg symbol,math.CA math.FA,2007-05-23,invert rectangular biinfinit matric applic timefrequ analysi finit dimension matric column row left invers row column right invers give gener simpl fact biinfinit matric use obtain densiti result pframe timefrequ molecul modul space identifi result oper bandlimit kohnnirenberg symbol,4
chromospher cloudmodel invers techniqu,spectral invers techniqu base cloud model extrem use studi properti dynam variou chromospher cloudlik structur sever invers techniqu review base simpl constant sourc function elabor cloud model well grid synthet line profil produc wide rang physic paramet differ nlte code sever exampl shown techniqu use differ chromospher line studi structur quiet chromospher mottlesspicul well activ region structur fibril arch filament system af filament flare,astro-ph,2007-05-23,chromospher cloudmodel invers techniqu spectral invers techniqu base cloud model extrem use studi properti dynam variou chromospher cloudlik structur sever invers techniqu review base simpl constant sourc function elabor cloud model well grid synthet line profil produc wide rang physic paramet differ nlte code sever exampl shown techniqu use differ chromospher line studi structur quiet chromospher mottlesspicul well activ region structur fibril arch filament system af filament flare,1
residu field henselian valu stabl field ii,let e primarili quasiloc field finit galoi extens central divis ealgebra index divis mcolon e addit main result part part paper show galoi group gme nilpot necessarili emb esubalgebra e quasiloc find structur charact group absolut galoi group enabl us prove e strictli quasiloc almost perfect divis part multipl group e ast equal intersect norm group finit galoi extens e,math.RA,2007-05-23,residu field henselian valu stabl field ii let e primarili quasiloc field finit galoi extens central divis ealgebra index divis mcolon e addit main result part part paper show galoi group gme nilpot necessarili emb esubalgebra e quasiloc find structur charact group absolut galoi group enabl us prove e strictli quasiloc almost perfect divis part multipl group e ast equal intersect norm group finit galoi extens e,4
separ deform quaternion group algebra,donaldflanigan conjectur assert finit group field correspond group algebra deform separ algebra minim unsolv instanc name quaternion group field characterist consid counterexampl present separ deform quaternion group algebra sens conjectur finit group open,math.RA,2007-05-23,separ deform quaternion group algebra donaldflanigan conjectur assert finit group field correspond group algebra deform separ algebra minim unsolv instanc name quaternion group field characterist consid counterexampl present separ deform quaternion group algebra sens conjectur finit group open,4
linear predict longmemori process asymptot result meansquar error,present two approach linear predict longmemori time seri first approach consist truncat wienerkolmogorov predictor restrict observ last k term avail valu practic deriv asymptot behaviour meansquar error k tend infti contrast second approach nonparametr ark model fit longmemori time seri studi error aris misspecifi model,math.ST stat.TH,2007-05-23,linear predict longmemori process asymptot result meansquar error present two approach linear predict longmemori time seri first approach consist truncat wienerkolmogorov predictor restrict observ last k term avail valu practic deriv asymptot behaviour meansquar error k tend infti contrast second approach nonparametr ark model fit longmemori time seri studi error aris misspecifi model,1
effect betadystroglycan process utrophin dp anchorag normal mdx mous schwann cell membran,peripher nervou system utrophin short dystrophin isoform dp coloc outermost layer myelin sheath nerv fiber togeth dystroglycan complex peripher nerv matrix metalloproteinas mmp creat kda fragment betadystroglycan lead disrupt link extracellular matrix cell membran ask process betadystroglycan could influenc anchorag dp orand utrophin normal mdx schwann cell membran show mmp activ mdx nerv wildtyp one activ lead accumul kda betadystroglycan isoform impact anchorag dp utrophin isoform mdx schwann cell membran result show dp greater affin full length form betadystroglycan kda form moreov show first time short isoform utrophin overexpress mdx schwann cell compar wildtyp addit utrophin isoform seem greater affin kda betadystroglycan could explain stabil kda membran compart result highlight potenti particip short utrophin isoform cleav form betadystroglycan mdx schwann cell membran architectur,q-bio.NC,2007-05-23,effect betadystroglycan process utrophin dp anchorag normal mdx mous schwann cell membran peripher nervou system utrophin short dystrophin isoform dp coloc outermost layer myelin sheath nerv fiber togeth dystroglycan complex peripher nerv matrix metalloproteinas mmp creat kda fragment betadystroglycan lead disrupt link extracellular matrix cell membran ask process betadystroglycan could influenc anchorag dp orand utrophin normal mdx schwann cell membran show mmp activ mdx nerv wildtyp one activ lead accumul kda betadystroglycan isoform impact anchorag dp utrophin isoform mdx schwann cell membran result show dp greater affin full length form betadystroglycan kda form moreov show first time short isoform utrophin overexpress mdx schwann cell compar wildtyp addit utrophin isoform seem greater affin kda betadystroglycan could explain stabil kda membran compart result highlight potenti particip short utrophin isoform cleav form betadystroglycan mdx schwann cell membran architectur,1
satur action finit dimension hopf algebra calgebra,finit group action alpha unit calgebra satur canon condit expect emto malpha onto fix point algebra known index finit type indexeg sens watatani gener finit dimension hopf algebra act action satur true index edima paper prove convers true especi case commut calgebra cx alpha finit group action give equival condit order expect ecxto cxalpha index finit type obtain alpha satur g act freeli x action compact group also consid show gaug action gamma graph calgebra ce associ local finit direct graph e satur,math.OA,2007-05-23,satur action finit dimension hopf algebra calgebra finit group action alpha unit calgebra satur canon condit expect emto malpha onto fix point algebra known index finit type indexeg sens watatani gener finit dimension hopf algebra act action satur true index edima paper prove convers true especi case commut calgebra cx alpha finit group action give equival condit order expect ecxto cxalpha index finit type obtain alpha satur g act freeli x action compact group also consid show gaug action gamma graph calgebra ce associ local finit direct graph e satur,4
orbit algebra group integr domain proof conjectur pj cameron,pjcameron introduc orbit algebra permut group conjectur algebra integr domain group finit orbit prove conjectur hold fact age algebra relat structur r integr domain r ageinexhaust deduc result combinatori lemma assert product two nonzero element set algebra zero finit common tranvers support proof built ramsey theorem integr shuffl algebra,math.CO math.AC,2007-05-23,orbit algebra group integr domain proof conjectur pj cameron pjcameron introduc orbit algebra permut group conjectur algebra integr domain group finit orbit prove conjectur hold fact age algebra relat structur r integr domain r ageinexhaust deduc result combinatori lemma assert product two nonzero element set algebra zero finit common tranvers support proof built ramsey theorem integr shuffl algebra,4
static form robertsonwalk spacetim,shown maximallysymmetr spacetim express robertsonwalk form static form static form robertsonwalk spacetim possibl static form metric maximallysymmetr spacetim present tabl find gener appli function gener spacetim shown maxim symmetr spacetim also spacetim written orthogonaltim isotrop form static form,gr-qc,2007-05-23,static form robertsonwalk spacetim shown maximallysymmetr spacetim express robertsonwalk form static form static form robertsonwalk spacetim possibl static form metric maximallysymmetr spacetim present tabl find gener appli function gener spacetim shown maxim symmetr spacetim also spacetim written orthogonaltim isotrop form static form,4
conduct superlattic parabol miniband,static highfrequ differenti conduct onedimension superlattic parabol miniband dispers law assum parabol brillouin zone edg investig theoret unlik earlier publish work devot problem novel formula static current densiti contain temperatur depend lead current maximum shift low field side increas temperatur highfrequ differenti conduct respons properti includ temperatur depend examin opportun creat terahertz oscil bloch electron oscil superlattic discuss analysi show superlattic parabol miniband dispers law may use gener amplif terahertz field low temperatur,cond-mat.mes-hall cond-mat.mtrl-sci,2007-05-23,conduct superlattic parabol miniband static highfrequ differenti conduct onedimension superlattic parabol miniband dispers law assum parabol brillouin zone edg investig theoret unlik earlier publish work devot problem novel formula static current densiti contain temperatur depend lead current maximum shift low field side increas temperatur highfrequ differenti conduct respons properti includ temperatur depend examin opportun creat terahertz oscil bloch electron oscil superlattic discuss analysi show superlattic parabol miniband dispers law may use gener amplif terahertz field low temperatur,7
enhanc revers beta process grapheneiron composit nanostructur high temperatur strong magnet field,strong dens manyspin interact propos organ novel orbit dynam littl effect novel chemic catalyt phenomena recent determin relativist quantum hall effect carrier graphen strong magnet confin substanti littl effect moreov nonclass phenomena stronger magnet confin ferronanocatalyst shown organ revers beta process possibl pycnonuclear reaction high temperatur highpressur condit process implic revers beta reaction nuclear reaction within interior earth new technolog carbon nanotubeferromet nanographeneferromet composit,cond-mat.mtrl-sci,2007-05-23,enhanc revers beta process grapheneiron composit nanostructur high temperatur strong magnet field strong dens manyspin interact propos organ novel orbit dynam littl effect novel chemic catalyt phenomena recent determin relativist quantum hall effect carrier graphen strong magnet confin substanti littl effect moreov nonclass phenomena stronger magnet confin ferronanocatalyst shown organ revers beta process possibl pycnonuclear reaction high temperatur highpressur condit process implic revers beta reaction nuclear reaction within interior earth new technolog carbon nanotubeferromet nanographeneferromet composit,7
path solut singl layer excit cnn model,easili implement path solut algorithm spatial problem base excitableprogramm characterist specif cellular nonlinear network cnn model present numer investig network singl layer bioinspir model also implement cmo technolog exhibit excit characterist region bistabl cell relat respons realiz propag trigger autowav excit mode global preset reset shown obstacl distribut space also directli map onto coupl cell array network combin two featur network model serv main block path comput processor relat algorithm configur numer experi circuit level paramet perform estim also present simplic model also allow altern technolog devic level implement may becom critic autonom processor design relat micro nanoscal robot applic,cs.RO cs.NE,2007-05-23,path solut singl layer excit cnn model easili implement path solut algorithm spatial problem base excitableprogramm characterist specif cellular nonlinear network cnn model present numer investig network singl layer bioinspir model also implement cmo technolog exhibit excit characterist region bistabl cell relat respons realiz propag trigger autowav excit mode global preset reset shown obstacl distribut space also directli map onto coupl cell array network combin two featur network model serv main block path comput processor relat algorithm configur numer experi circuit level paramet perform estim also present simplic model also allow altern technolog devic level implement may becom critic autonom processor design relat micro nanoscal robot applic,1
constrain model neutrino mass neutrino interact planck satellit,sever class particl physic model rang classic majoron model recent scenario late neutrino mass massvari neutrino one neutrino postul coupl new light scalar field result coupl neutrino earli univers instead stream freeli could form selfcoupl fluid potenti observ signatur cosmic microwav background larg scale structur univers reexamin constraint scenario present avail cosmolog data investig sensit expect planck satellit first case find sensit strongli depend piec data use sdss main sampl data combin wmap data disfavor scenario three coupl neutrino sigma confid level also favor high number freeli stream neutrino best fit matter power spectrum instead taken sdss larg red galaxi sampl best fit point freeli stream neutrino scenario three coupl neutrino becom allow sigma contrast planck alon exclud even singl selfcoupl neutrino sigma confid level determin total radiat cmb epoch delta nnueff sigma error investig robust result respect detail planck detector sensit neutrino freestream impli planck capabl probe larg region massvari neutrino paramet space planck may also sensit scale neutrino mass gener high tev,astro-ph hep-ph,2007-05-23,constrain model neutrino mass neutrino interact planck satellit sever class particl physic model rang classic majoron model recent scenario late neutrino mass massvari neutrino one neutrino postul coupl new light scalar field result coupl neutrino earli univers instead stream freeli could form selfcoupl fluid potenti observ signatur cosmic microwav background larg scale structur univers reexamin constraint scenario present avail cosmolog data investig sensit expect planck satellit first case find sensit strongli depend piec data use sdss main sampl data combin wmap data disfavor scenario three coupl neutrino sigma confid level also favor high number freeli stream neutrino best fit matter power spectrum instead taken sdss larg red galaxi sampl best fit point freeli stream neutrino scenario three coupl neutrino becom allow sigma contrast planck alon exclud even singl selfcoupl neutrino sigma confid level determin total radiat cmb epoch delta nnueff sigma error investig robust result respect detail planck detector sensit neutrino freestream impli planck capabl probe larg region massvari neutrino paramet space planck may also sensit scale neutrino mass gener high tev,2
forward nonforward symplect integr solv classic dynam problem,forward time step integr split algorithm posit split coeffici use solv physic evolut equat posit coeffici correspond posit time step forward algorithm essenti solv timeirrevers equat cannot evolv use backward time step howev forward integr also better solv timerevers equat classic dynam track close possibl physic trajectori work compar detail variou forward nonforward fourthord integr use three fourth five six forc evalu case solv kepler orbit nonforward integr optim simpli minim size backward time step,physics.comp-ph physics.class-ph,2007-05-23,forward nonforward symplect integr solv classic dynam problem forward time step integr split algorithm posit split coeffici use solv physic evolut equat posit coeffici correspond posit time step forward algorithm essenti solv timeirrevers equat cannot evolv use backward time step howev forward integr also better solv timerevers equat classic dynam track close possibl physic trajectori work compar detail variou forward nonforward fourthord integr use three fourth five six forc evalu case solv kepler orbit nonforward integr optim simpli minim size backward time step,8
riemannian lorentzian structur non symmetr space somspm,work interest non symmetr homogen space name somspm show space admit structur zsymmetr space describ non degener metric classifi riemannian lorentzian one,math.DG math.RA,2007-05-23,riemannian lorentzian structur non symmetr space somspm work interest non symmetr homogen space name somspm show space admit structur zsymmetr space describ non degener metric classifi riemannian lorentzian one,4
nonradi dkr process revisit theori unimod model,revisit effici problem dkr nonradi transit local electron center polariz solid follow brief survey formul gener rate equat therebi defin microscop paramet control nonradi deexcit also reproduc quantum mechan express energi conserv horizont transfer rate compar veric transit rate variou vibron energi level,cond-mat.mtrl-sci,2007-05-23,nonradi dkr process revisit theori unimod model revisit effici problem dkr nonradi transit local electron center polariz solid follow brief survey formul gener rate equat therebi defin microscop paramet control nonradi deexcit also reproduc quantum mechan express energi conserv horizont transfer rate compar veric transit rate variou vibron energi level,7
estim singular integr extrapol,prove sharp lp estim singular radon transform accord size condit kernel use extrapol,math.CA,2007-05-23,estim singular integr extrapol prove sharp lp estim singular radon transform accord size condit kernel use extrapol,4
tachyon superlumin boost,argument favour exist tachyon extens lorentz group present former observ slight modif standard electromagnet theori singl superlumin charg bind selfsustain circular orbit suggest modifi electromagnet interpret strong forc symmetri theori use subsequ analysi start point search physicallymotiv extens lorentz group discuss valid imaginari coordin superlumin transform frame articl conclud specul implic fasterthan light travel,physics.gen-ph physics.class-ph,2007-05-23,tachyon superlumin boost argument favour exist tachyon extens lorentz group present former observ slight modif standard electromagnet theori singl superlumin charg bind selfsustain circular orbit suggest modifi electromagnet interpret strong forc symmetri theori use subsequ analysi start point search physicallymotiv extens lorentz group discuss valid imaginari coordin superlumin transform frame articl conclud specul implic fasterthan light travel,4
set theoret solut yangbaxt equat graph comput,extend recent work settheoret solut yangbaxt braid relat new result automorph group strong twist union solut multipermut solut introduc studi graph solut use graphic method comput solut finit order automorph result includ detail studi solut multipermut level,math.QA math.CO,2007-05-23,set theoret solut yangbaxt equat graph comput extend recent work settheoret solut yangbaxt braid relat new result automorph group strong twist union solut multipermut solut introduc studi graph solut use graphic method comput solut finit order automorph result includ detail studi solut multipermut level,8
effici versatil distal multisit transcript regul,transcript regul typic involv bind protein long distanc multipl dna site brought close format dna loop inher complex assembl regulatori complex loop dna challeng understand even simplest genet system includ prototyp lac operon implement scalabl quantit comput approach analyz system regul multipl dna site loop approach appli lac operon accur predict transcript rate five order magnitud wild type seven mutant account combin delet three oper quantit analysi model reveal presenc three oper provid mechan combin robust repress sensit induct two seemingli mutual exclus properti requir optim function metabol switch,q-bio.SC q-bio.MN,2007-05-23,effici versatil distal multisit transcript regul transcript regul typic involv bind protein long distanc multipl dna site brought close format dna loop inher complex assembl regulatori complex loop dna challeng understand even simplest genet system includ prototyp lac operon implement scalabl quantit comput approach analyz system regul multipl dna site loop approach appli lac operon accur predict transcript rate five order magnitud wild type seven mutant account combin delet three oper quantit analysi model reveal presenc three oper provid mechan combin robust repress sensit induct two seemingli mutual exclus properti requir optim function metabol switch,1
exact formula neutrino oscil probabl kimura takamura yokomakura,exact formula neutrino oscil probabl matter constant densiti discov kimura takamura yokomakura appli mostli standard case three flavor neutrino far paper applic formula gener case discuss shown formal gener variou case matter potenti offdiagon compon two nontrivi exampl given case magnet moment magnet field case nonstandard interact point formal appli also case long baselin limit matter whose densiti vari adiabat case solar neutrino,hep-ph,2007-05-23,exact formula neutrino oscil probabl kimura takamura yokomakura exact formula neutrino oscil probabl matter constant densiti discov kimura takamura yokomakura appli mostli standard case three flavor neutrino far paper applic formula gener case discuss shown formal gener variou case matter potenti offdiagon compon two nontrivi exampl given case magnet moment magnet field case nonstandard interact point formal appli also case long baselin limit matter whose densiti vari adiabat case solar neutrino,2
smooth feshbachschur map,new variant feshbach map call smooth feshbach map introduc recent bach et al connect renorm analysi nonrelativist quantum electrodynam analyz clarifi algebra analyt properti gener nonselfadjoint partit oper chi chib,math-ph math.FA math.MP,2007-05-23,smooth feshbachschur map new variant feshbach map call smooth feshbach map introduc recent bach et al connect renorm analysi nonrelativist quantum electrodynam analyz clarifi algebra analyt properti gener nonselfadjoint partit oper chi chib,4
rich magnet phase diagram kagomestaircas compound mnvo,mnvo magnet system mn found kagom staircas lattic report magnet phase diagram temperatur k appli magnet field character measur magnet specif heat field along three uniqu lattic direct low appli magnet field system first order magnet tm k show second magnet phase transit tm k addit phase transit appar specif heat seen magnet found three appli field orient converg toward tm h magnet behavior highli anisotrop critic field magnet phase boundari much higher field appli perpendicular kagom staircas plane appli inplan fieldtemperatur h phase diagram quit rich distinct phase observ,cond-mat.str-el,2007-05-23,rich magnet phase diagram kagomestaircas compound mnvo mnvo magnet system mn found kagom staircas lattic report magnet phase diagram temperatur k appli magnet field character measur magnet specif heat field along three uniqu lattic direct low appli magnet field system first order magnet tm k show second magnet phase transit tm k addit phase transit appar specif heat seen magnet found three appli field orient converg toward tm h magnet behavior highli anisotrop critic field magnet phase boundari much higher field appli perpendicular kagom staircas plane appli inplan fieldtemperatur h phase diagram quit rich distinct phase observ,7
realiz kasparov kktheori group homotopi class map quillen model categori,articl build quillen model categori structur categori sequenti complet lmccalgebra correspond homotopi class map hoab separ calgebra b coincid kasparov group kkab answer open question pose mark hovey possibl describ kktheori calgebra use languag quillen model categori,math.KT math.AT,2007-05-23,realiz kasparov kktheori group homotopi class map quillen model categori articl build quillen model categori structur categori sequenti complet lmccalgebra correspond homotopi class map hoab separ calgebra b coincid kasparov group kkab answer open question pose mark hovey possibl describ kktheori calgebra use languag quillen model categori,4
closedform method lru replac gener powerlaw demand,consid well known emphleast recent use lru replac algorithm analyz independ refer model gener powerlaw demand extens famili demand distribut deriv closedform express per object steadyst hit ratio best knowledg first analyt deriv per object hit ratio lru obtain constant time without requir labori numer comput simul sinc applic replac algorithm includ least scenario iid request method substanti practic valu especi analyz multipl cach exist numer method simul becom time consum,cs.DS,2007-05-23,closedform method lru replac gener powerlaw demand consid well known emphleast recent use lru replac algorithm analyz independ refer model gener powerlaw demand extens famili demand distribut deriv closedform express per object steadyst hit ratio best knowledg first analyt deriv per object hit ratio lru obtain constant time without requir labori numer comput simul sinc applic replac algorithm includ least scenario iid request method substanti practic valu especi analyz multipl cach exist numer method simul becom time consum,1
calgebr gradue par un semitreilli,grade calgebra semi lattic introduc studi ann boutet de monvel vladimir georgescu collabor relat quantum n bodi problem thesi devot systemat studi algebra properti particular show complet describ homogen subalgebra invari sever oper tensor product cross product action local compact group respect graduat give ktheori grade calgebra final studi exampl algebra,math.OA,2007-05-23,calgebr gradue par un semitreilli grade calgebra semi lattic introduc studi ann boutet de monvel vladimir georgescu collabor relat quantum n bodi problem thesi devot systemat studi algebra properti particular show complet describ homogen subalgebra invari sever oper tensor product cross product action local compact group respect graduat give ktheori grade calgebra final studi exampl algebra,4
branch cut algorithm halfspac depth problem,concept data depth nonparametr multivari descript statist gener univari rank method multivari data halfspac depth measur data depth given set point point p halfspac depth rank k p defin minimum number point contain close halfspac p boundari comput halfspac depth nphard equival maximum feasibl subsystem problem thesi mix integ program formul bigm method halfspac depth problem suggest branch cut algorithm algorithm chinneck heurist algorithm use find upper bound relat techniqu base sensit analysi use branch irreduc infeas subsystem ii hit set cut appli also suggest binari search algorithm may stabl numer algorithm implement bcp framework coinor project,cs.CG,2007-05-23,branch cut algorithm halfspac depth problem concept data depth nonparametr multivari descript statist gener univari rank method multivari data halfspac depth measur data depth given set point point p halfspac depth rank k p defin minimum number point contain close halfspac p boundari comput halfspac depth nphard equival maximum feasibl subsystem problem thesi mix integ program formul bigm method halfspac depth problem suggest branch cut algorithm algorithm chinneck heurist algorithm use find upper bound relat techniqu base sensit analysi use branch irreduc infeas subsystem ii hit set cut appli also suggest binari search algorithm may stabl numer algorithm implement bcp framework coinor project,1
matlab code teach quantum physic part,among idea convey student introductori quantum cours pivot idea champion dirac function correspond column vector ket differenti oper correspond matric ketbra act vector matlab matrixlaboratori program environ especi use convey concept student gear toward type matrix manipul use solv introductori quantum physic problem articl share matlab code develop wpi focus problem use conjunct griffith introductori text,physics.ed-ph physics.comp-ph,2007-05-23,matlab code teach quantum physic part among idea convey student introductori quantum cours pivot idea champion dirac function correspond column vector ket differenti oper correspond matric ketbra act vector matlab matrixlaboratori program environ especi use convey concept student gear toward type matrix manipul use solv introductori quantum physic problem articl share matlab code develop wpi focus problem use conjunct griffith introductori text,6
noncommut burkholderrosenth inequ ii applic,show norm estim sum independ random variabl noncommut lpspace pinfti follow previou work estim gener classic rosenth inequ commut case among applic deriv equival pnorm singular valu random matrix independ entri character symmetr subspac unitari ideal realiz subspac noncommut lp pinfti,math.OA math.FA math.PR,2007-05-23,noncommut burkholderrosenth inequ ii applic show norm estim sum independ random variabl noncommut lpspace pinfti follow previou work estim gener classic rosenth inequ commut case among applic deriv equival pnorm singular valu random matrix independ entri character symmetr subspac unitari ideal realiz subspac noncommut lp pinfti,4
hartog extens theorem ncomplet complex space,employ mors theori global control monodromi method analyt disc local extens establish version global hartog extens theorem singular set everi domain ncomplet normal complex space x pure dimens n everi compact set k k connect holomorph meromorph function k extend holomorph meromorph normal unvavoid assumpt holomorph extens show meromorph extens hold reduc global irreduc necessarili normal x pure dimens n provid regular part k connect,math.CV math.DG,2007-05-23,hartog extens theorem ncomplet complex space employ mors theori global control monodromi method analyt disc local extens establish version global hartog extens theorem singular set everi domain ncomplet normal complex space x pure dimens n everi compact set k k connect holomorph meromorph function k extend holomorph meromorph normal unvavoid assumpt holomorph extens show meromorph extens hold reduc global irreduc necessarili normal x pure dimens n provid regular part k connect,4
limit cycl appear polynomi perturb darbouxian integr system,prove existenti finit varchenkokhovanskii type result integr ration form level curv darbouxian integr,math.CA math.DS,2007-05-23,limit cycl appear polynomi perturb darbouxian integr system prove existenti finit varchenkokhovanskii type result integr ration form level curv darbouxian integr,4
lectur abelian chernsimon vortic,variou aspect includ construct symmetri abelian chernsimon vortic review extend version lectur deliv nikhef amsterdam juli typo correct refernc ad,hep-th,2007-05-23,lectur abelian chernsimon vortic variou aspect includ construct symmetri abelian chernsimon vortic review extend version lectur deliv nikhef amsterdam juli typo correct refernc ad,4
highaltitud signatur ionospher densiti deplet caus fieldalign current,present cluster measur larg electr field correl intens downward fieldalign current show data reproduc simpl model ionospher plasma deplet caus current type magnetosphereionospher interact may import consid map two region space,physics.space-ph physics.plasm-ph,2007-05-23,highaltitud signatur ionospher densiti deplet caus fieldalign current present cluster measur larg electr field correl intens downward fieldalign current show data reproduc simpl model ionospher plasma deplet caus current type magnetosphereionospher interact may import consid map two region space,7
multipl pattern match markov chain approach,rna motif typic consist short modular pattern includ base pair form within modul estim abund pattern fundament import assess statist signific match genomewid search predict whether given function evolv mani time differ speci aros singl common ancestor manuscript review integr selfcontain manner basic concept automata theori gener function transfer matrix method relev pattern analysi biolog sequenc formal gener framework concept markov chain embed analyz pattern random string produc memoryless sourc conceptu togeth capabl automata recogn complic pattern allow systemat analysi problem relat occurr frequenc pattern random string applic present focu concept synchron automata well automata use search finit number keyword includ set pattern gener accord base pair rule gener text,math.PR math.CO math.ST q-bio.GN q-bio.QM stat.TH,2007-05-23,multipl pattern match markov chain approach rna motif typic consist short modular pattern includ base pair form within modul estim abund pattern fundament import assess statist signific match genomewid search predict whether given function evolv mani time differ speci aros singl common ancestor manuscript review integr selfcontain manner basic concept automata theori gener function transfer matrix method relev pattern analysi biolog sequenc formal gener framework concept markov chain embed analyz pattern random string produc memoryless sourc conceptu togeth capabl automata recogn complic pattern allow systemat analysi problem relat occurr frequenc pattern random string applic present focu concept synchron automata well automata use search finit number keyword includ set pattern gener accord base pair rule gener text,1
linear algebra differenti geometri abstract hilbert space,isomorph separ hilbert space analog isomorph ndimension vector space howev ndimension space applic alway realiz euclidean space rn hilbert space admit variou use realiz space function paper simpl observ use construct fruit formal local coordin hilbert manifold imag chart manifold formal allow belong arbitrari hilbert space function includ space gener function tensor equat describ famili function equat variou space function formal applic linear algebra differenti equat differenti geometri analyz,math-ph math.MP quant-ph,2007-05-23,linear algebra differenti geometri abstract hilbert space isomorph separ hilbert space analog isomorph ndimension vector space howev ndimension space applic alway realiz euclidean space rn hilbert space admit variou use realiz space function paper simpl observ use construct fruit formal local coordin hilbert manifold imag chart manifold formal allow belong arbitrari hilbert space function includ space gener function tensor equat describ famili function equat variou space function formal applic linear algebra differenti equat differenti geometri analyz,4
riesz szego type factor noncommut hardi space,let finit subdiagon algebra arveson sens let hpa associ noncommut hardi space ple extend case posit indic recent result space includ notabl riesz szego innerout type factor one new tool paper contract underli condit expect hpa p,math.OA math.FA,2007-05-23,riesz szego type factor noncommut hardi space let finit subdiagon algebra arveson sens let hpa associ noncommut hardi space ple extend case posit indic recent result space includ notabl riesz szego innerout type factor one new tool paper contract underli condit expect hpa p,4
differenti sequenc,introduc notion differenti sequenc ordinari differenti equat motiv relat studi base evolut partial differenti equat discuss riccati sequenc term symmetri analysi singular analysi identif complet symmetri group member sequenc singular analysi reveal consider structur valu coeffici leadingord term reson differ princip branch full proof symmetri properti perform differenti equat defin recurs properti given explicit form,math-ph math.GR math.MP,2007-05-23,differenti sequenc introduc notion differenti sequenc ordinari differenti equat motiv relat studi base evolut partial differenti equat discuss riccati sequenc term symmetri analysi singular analysi identif complet symmetri group member sequenc singular analysi reveal consider structur valu coeffici leadingord term reson differ princip branch full proof symmetri properti perform differenti equat defin recurs properti given explicit form,8
hirsch index evolut explain us case studi turkish journal chemistri,evolut turkish journal chemistri turk j chem hirsch index hindex period studi determin case self without selfcit seen effect hirsch index turk j chem highli posit trend last five year prove turk j chem improv quantiti qualiti sinc hindex reflect peer review peer review reflect research qualiti journal,physics.ed-ph physics.soc-ph,2007-05-23,hirsch index evolut explain us case studi turkish journal chemistri evolut turkish journal chemistri turk j chem hirsch index hindex period studi determin case self without selfcit seen effect hirsch index turk j chem highli posit trend last five year prove turk j chem improv quantiti qualiti sinc hindex reflect peer review peer review reflect research qualiti journal,1
chargeord phenomena onedimension solid,dimension reduc world becom interest novel fascin phenomena show call understand physic one dimens fascin topic theori experi former often simplif latter alway challeng variou way demonstr onedimension structur achiev realiti particular organ conductor could establish model system investig physic reduc dimens metal state onedimension solid fermiliquid theori break spin charg degre freedom becom separ metal phase stabl one dimens temperatur reduc electron charg spin tend arrang order fashion due strong correl competit differ interact respons brokensymmetri ground state eventu realiz specif compound drive system toward insul state review variou order phenomena identifi dielectr optic measur,cond-mat.str-el,2007-05-23,chargeord phenomena onedimension solid dimension reduc world becom interest novel fascin phenomena show call understand physic one dimens fascin topic theori experi former often simplif latter alway challeng variou way demonstr onedimension structur achiev realiti particular organ conductor could establish model system investig physic reduc dimens metal state onedimension solid fermiliquid theori break spin charg degre freedom becom separ metal phase stabl one dimens temperatur reduc electron charg spin tend arrang order fashion due strong correl competit differ interact respons brokensymmetri ground state eventu realiz specif compound drive system toward insul state review variou order phenomena identifi dielectr optic measur,7
absolut galoi act faith compon moduli space surfac belyityp theorem higher dimens,given object algebra closur qbar q often reason invari correspond holomorph object preserv absolut galoi group galqbarq gener true although sometim surpris observ practic case cover project line branch point infin belyi theorem lead grothendieck dessin denfant program understand absolut galoi group faith action cover note motiv catanes question higherdimension analogu absolut galoi group act faith deform equival class smooth surfac equival class cours definit strongest deform invari give short proof weaker result absolut galoi group act faith irreduc compon moduli space smooth surfac gener type canon polar bauer catanes grunewald recent answer catanes origin question use differ construct,math.AG math.NT,2007-05-23,absolut galoi act faith compon moduli space surfac belyityp theorem higher dimens given object algebra closur qbar q often reason invari correspond holomorph object preserv absolut galoi group galqbarq gener true although sometim surpris observ practic case cover project line branch point infin belyi theorem lead grothendieck dessin denfant program understand absolut galoi group faith action cover note motiv catanes question higherdimension analogu absolut galoi group act faith deform equival class smooth surfac equival class cours definit strongest deform invari give short proof weaker result absolut galoi group act faith irreduc compon moduli space smooth surfac gener type canon polar bauer catanes grunewald recent answer catanes origin question use differ construct,4
turbul navierstok equat,concept continu topolog evolut base upon cartan method exterior differenti system use develop topolog theori nonequilibrium thermodynam within exist process exhibit continu topolog chang thermodynam irrevers techniqu furnish univers topolog foundat partial differenti equat hydrodynam electrodynam techniqu depend upon metric connect variat principl certain topolog class solut navierstok equat shown equival thermodynam irrevers process,math-ph math.MP,2007-05-23,turbul navierstok equat concept continu topolog evolut base upon cartan method exterior differenti system use develop topolog theori nonequilibrium thermodynam within exist process exhibit continu topolog chang thermodynam irrevers techniqu furnish univers topolog foundat partial differenti equat hydrodynam electrodynam techniqu depend upon metric connect variat principl certain topolog class solut navierstok equat shown equival thermodynam irrevers process,8
adapt numer method vlasov equat base multiresolut analysi,paper present first result adapt solut grid phase space vlasov equat aris particl accelar plasma physic numer algorithm base semilagrangian method adapt obtain use multiresolut analysi,math.NA,2007-05-23,adapt numer method vlasov equat base multiresolut analysi paper present first result adapt solut grid phase space vlasov equat aris particl accelar plasma physic numer algorithm base semilagrangian method adapt obtain use multiresolut analysi,8
toward inform statist flow invers,problem recent attract research attent estim distribut flow size internet traffic high traffic link sometim imposs record everi packet research approach problem estim flow length sampl packet data two separ way firstli differ sampl methodolog tri accur measur desir system paramet one method sampleandhold method packet sampl subsequ packet flow sampl secondli statist method use invert sampl data produc estim flow length sampl paper propos implement test two variant sampleandhold method addit show sampleandhold method invert get estim genuin distribut flow size experi carri real network trace compar standard packet sampl three variant sampleandhold method compar abil reconstruct genuin distribut flow size traffic,cs.NI cs.PF,2007-05-23,toward inform statist flow invers problem recent attract research attent estim distribut flow size internet traffic high traffic link sometim imposs record everi packet research approach problem estim flow length sampl packet data two separ way firstli differ sampl methodolog tri accur measur desir system paramet one method sampleandhold method packet sampl subsequ packet flow sampl secondli statist method use invert sampl data produc estim flow length sampl paper propos implement test two variant sampleandhold method addit show sampleandhold method invert get estim genuin distribut flow size experi carri real network trace compar standard packet sampl three variant sampleandhold method compar abil reconstruct genuin distribut flow size traffic,1
multiwavelength analysi quiet solar region,present observ solar quiet region obtain groundbas dutch open telescop dot instrument spacecraft soho trace observ obtain coordin observ campaign octob aim work present rich divers finescal structur found network boundari appear differ instrument differ spectral line span photospher corona detail studi structur crucial understand dynam differ solar layer well role structur play mass balanc heat solar atmospher,astro-ph,2007-05-23,multiwavelength analysi quiet solar region present observ solar quiet region obtain groundbas dutch open telescop dot instrument spacecraft soho trace observ obtain coordin observ campaign octob aim work present rich divers finescal structur found network boundari appear differ instrument differ spectral line span photospher corona detail studi structur crucial understand dynam differ solar layer well role structur play mass balanc heat solar atmospher,5
extraordinari lbvwr system hd,lbvwr system hd contain shortperiod eccentr binari system interact stellar wind paper summar result model calcul tidal flow lbv compon show energi dissip rate edot associ turbul viscos orbitalphas depend well variabl stellar surfac specul edot contribut toward drive massloss strongest windwind interact effect may occur periastron passag addit model suggest presenc stronger outflow local polar angl theta degre part orbit cycl thu analysi windwind interact system requir model revis incorpor nonstationari asymmetr wind structur,astro-ph,2007-05-23,extraordinari lbvwr system hd lbvwr system hd contain shortperiod eccentr binari system interact stellar wind paper summar result model calcul tidal flow lbv compon show energi dissip rate edot associ turbul viscos orbitalphas depend well variabl stellar surfac specul edot contribut toward drive massloss strongest windwind interact effect may occur periastron passag addit model suggest presenc stronger outflow local polar angl theta degre part orbit cycl thu analysi windwind interact system requir model revis incorpor nonstationari asymmetr wind structur,7
algebra automorph ration invari,let x affin irreduc varieti algebra close field k characterist zero given automorph f denot kxf field invari ie set ration function f x fff let nf transcend degre kxf k paper studi class automorph f x nf dim x precis show condit x everi automorph form fag algebra action linear algebra group g dimens x g belong g applic determin conjugaci class automorph plane nf,math.AG,2007-05-23,algebra automorph ration invari let x affin irreduc varieti algebra close field k characterist zero given automorph f denot kxf field invari ie set ration function f x fff let nf transcend degre kxf k paper studi class automorph f x nf dim x precis show condit x everi automorph form fag algebra action linear algebra group g dimens x g belong g applic determin conjugaci class automorph plane nf,4
accur predict heavi quark jet,heavyflavour jet enter mani today collid studi yet nlo predict quantiti subject larg uncertainti larger correspond experiment error propos new infrar safe definit heavyquark jet allow one reduc theoret uncertainti factor three,hep-ph,2007-05-23,accur predict heavi quark jet heavyflavour jet enter mani today collid studi yet nlo predict quantiti subject larg uncertainti larger correspond experiment error propos new infrar safe definit heavyquark jet allow one reduc theoret uncertainti factor three,2
field induc tricrit behavior quasi onedimension frustrat ise antiferromagnet,result extens histogram cluster heatbath mont carlo simul critic behavior quasion dimension ise antiferromagnet stack triangular lattic present small appli field shown induc crossov xy univers meanfield tricrit behavior experiment estim critic expon suggest two type phase transit observ csnicl cscobr respect present result demonstr differ explain unusu stagger magnet field aris quantum exchang mix previous propos account spin excit quasionedimension ise antiferromagnet,cond-mat.str-el,2007-05-23,field induc tricrit behavior quasi onedimension frustrat ise antiferromagnet result extens histogram cluster heatbath mont carlo simul critic behavior quasion dimension ise antiferromagnet stack triangular lattic present small appli field shown induc crossov xy univers meanfield tricrit behavior experiment estim critic expon suggest two type phase transit observ csnicl cscobr respect present result demonstr differ explain unusu stagger magnet field aris quantum exchang mix previous propos account spin excit quasionedimension ise antiferromagnet,7
gibb measur brownian current,motiv applic quantum field theori consid gibb measur refer measur wiener measur interact given doubl stochast integr pin extern potenti order properli character measur dlr equat led lift wiener measur object space configur basic observ posit particl time also work done test vector field prove exist basic properti gibb measur small coupl regim mean cluster expans,math-ph math.FA math.MP math.PR,2007-05-23,gibb measur brownian current motiv applic quantum field theori consid gibb measur refer measur wiener measur interact given doubl stochast integr pin extern potenti order properli character measur dlr equat led lift wiener measur object space configur basic observ posit particl time also work done test vector field prove exist basic properti gibb measur small coupl regim mean cluster expans,7
phase qcd summari rutger long rang plan town meet,white paper summar outcom town meet phase qcd took place januari rutger univers part nsac long rang plan process,nucl-ex nucl-th,2007-05-23,phase qcd summari rutger long rang plan town meet white paper summar outcom town meet phase qcd took place januari rutger univers part nsac long rang plan process,7
quantum comput algorithm manybodi studi,show detail jordanwign transform use simul fermion manybodi hamiltonian quantum comput develop algorithm base appropri qubit gate take gener fermion hamiltonian written product given number creation annihil oper input demonstr applic algorithm calcul eigenvalu eigenvector two model hamiltonian wellknown hubbard model gener pair hamiltonian extens system discuss,quant-ph math-ph math.MP nucl-th physics.comp-ph,2007-05-23,quantum comput algorithm manybodi studi show detail jordanwign transform use simul fermion manybodi hamiltonian quantum comput develop algorithm base appropri qubit gate take gener fermion hamiltonian written product given number creation annihil oper input demonstr applic algorithm calcul eigenvalu eigenvector two model hamiltonian wellknown hubbard model gener pair hamiltonian extens system discuss,6
electrostat climber space elev launcher,author detail research new prospect electrostat space elev climber base new electrostat linear engin previous offer nd joint propuls confer aiaa publish aeat vol pp electrostat climber discuss speed brake energi climber movement deliv lightweight highvoltag line space elevatorhold cabl earth electr gener electr line also use deliveri electr energi geosynchron space station present best solut climber problem announc nasa one import award problem space elev problemat author also show linear electrostat engin may use realist power space launcher present time two project illustr new devic key word space elev electrostat climber space elev electrostat space launcher electrostat acceler work present paper aiaa joint propuls confer cincinnati ohio usa juli,physics.gen-ph physics.space-ph,2007-05-23,electrostat climber space elev launcher author detail research new prospect electrostat space elev climber base new electrostat linear engin previous offer nd joint propuls confer aiaa publish aeat vol pp electrostat climber discuss speed brake energi climber movement deliv lightweight highvoltag line space elevatorhold cabl earth electr gener electr line also use deliveri electr energi geosynchron space station present best solut climber problem announc nasa one import award problem space elev problemat author also show linear electrostat engin may use realist power space launcher present time two project illustr new devic key word space elev electrostat climber space elev electrostat space launcher electrostat acceler work present paper aiaa joint propuls confer cincinnati ohio usa juli,4
local structur moduli space k surfac finit characterist,let k perfect field characterist p note show local moduli space nonsupersingular k surfac k trivial deform associ enlarg formal brauer group admit natur pdivis formal group structur,math.AG,2007-05-23,local structur moduli space k surfac finit characterist let k perfect field characterist p note show local moduli space nonsupersingular k surfac k trivial deform associ enlarg formal brauer group admit natur pdivis formal group structur,4
glicci simplici complex,one main open question liaison theori whether everi homogen cohenmacaulay ideal polynomi ring glicci ie gliaison class complet intersect give affirm answer question stanleyreisn ideal defin simplici complex weakli vertexdecompos class complex includ matroid shift gorenstein complex respect moreov construct simplici complex show properti glicci depend characterist base field applic method establish new evid two conjectur stanley partition complex stanley decomposit,math.AC math.CO,2007-05-23,glicci simplici complex one main open question liaison theori whether everi homogen cohenmacaulay ideal polynomi ring glicci ie gliaison class complet intersect give affirm answer question stanleyreisn ideal defin simplici complex weakli vertexdecompos class complex includ matroid shift gorenstein complex respect moreov construct simplici complex show properti glicci depend characterist base field applic method establish new evid two conjectur stanley partition complex stanley decomposit,4
ontologysupport ontologydriven conceptu navig world wide web,paper present principl ontologysupport ontologydriven conceptu navig conceptu navig realiz independ resourc link facilit interoper reusabl engin build dynam link assembl resourc argument scheme allow optim possibl constraint user avail time among sever strategi two discuss detail exampl applic one hand conceptu specif link assembl embed resourc metadescript support ontolog domain facilit metacommun resourc like agent look conceptu acquaint intent hand domain ontolog argument ontolog drive link assembl strategi,cs.IR,2007-05-23,ontologysupport ontologydriven conceptu navig world wide web paper present principl ontologysupport ontologydriven conceptu navig conceptu navig realiz independ resourc link facilit interoper reusabl engin build dynam link assembl resourc argument scheme allow optim possibl constraint user avail time among sever strategi two discuss detail exampl applic one hand conceptu specif link assembl embed resourc metadescript support ontolog domain facilit metacommun resourc like agent look conceptu acquaint intent hand domain ontolog argument ontolog drive link assembl strategi,1
jet scheme arc space nash problem,paper introduct jet scheme arc space algebra varieti also introduc nash problem arc famili,math.AG,2007-05-23,jet scheme arc space nash problem paper introduct jet scheme arc space algebra varieti also introduc nash problem arc famili,4
mont carlo simul quantum spin system valenc bond basi,discuss projector mont carlo method quantum spin model formul valenc bond basi use heisenberg antiferromagnet exampl singlet ground state project arbitrari basi state trial state rapid converg obtain use good variat state altern first carri time consum variat mont carlo calcul show good trial state gener iter fashion cours simul also show properti valenc bond basi enabl calcul quantiti difficult obtain standard basi sz eigenst particular discuss quantiti involv finitemomentum state triplet sector dispers relat spectral weight lowest triplet,cond-mat.str-el cond-mat.stat-mech,2007-05-23,mont carlo simul quantum spin system valenc bond basi discuss projector mont carlo method quantum spin model formul valenc bond basi use heisenberg antiferromagnet exampl singlet ground state project arbitrari basi state trial state rapid converg obtain use good variat state altern first carri time consum variat mont carlo calcul show good trial state gener iter fashion cours simul also show properti valenc bond basi enabl calcul quantiti difficult obtain standard basi sz eigenst particular discuss quantiti involv finitemomentum state triplet sector dispers relat spectral weight lowest triplet,6
subarusuprimecam survey ms spheroid along southeast minor axi,use suprimecam subaru telescop conduct v iband imag survey field sampl spheroid andromeda galaxi along southeast minor axi photometr data deep enough resolv star red clump base larg reliabl sampl red giant star avail deep widefield imag deriv metal distribut vs radiu surfac bright profil project distanc r kpc galaxi center metal distribut across region show clear high mean metal broad distribut feh indic metal gradient within observ rang surfac bright profil r kpc found flatter previous thought conceiv part halo sampl yet unidentifi metalrich substructur,astro-ph,2007-05-23,subarusuprimecam survey ms spheroid along southeast minor axi use suprimecam subaru telescop conduct v iband imag survey field sampl spheroid andromeda galaxi along southeast minor axi photometr data deep enough resolv star red clump base larg reliabl sampl red giant star avail deep widefield imag deriv metal distribut vs radiu surfac bright profil project distanc r kpc galaxi center metal distribut across region show clear high mean metal broad distribut feh indic metal gradient within observ rang surfac bright profil r kpc found flatter previous thought conceiv part halo sampl yet unidentifi metalrich substructur,5
cohenmacaulay multigrad modul,let standard nrgrade algebra local ring let finit gener zrgrade smodul character cohenmacaulay term vanish certain sheaf cohomolog modul consequ appli result studi cohenmacaulay multire modul also call ree modif work extend previou studi cohenmacaulay multire algebra,math.AC math.AG,2007-05-23,cohenmacaulay multigrad modul let standard nrgrade algebra local ring let finit gener zrgrade smodul character cohenmacaulay term vanish certain sheaf cohomolog modul consequ appli result studi cohenmacaulay multire modul also call ree modif work extend previou studi cohenmacaulay multire algebra,4
rigid theorem map class group action space unmeasur foliat surfac,let surfac finit type sphere four punctur toru two punctur close surfac genu two let mathcalmf space equival class measur foliat compact support let mathcalumf quotient space mathcalmf obtain identifi two equival class whenev repres topolog equival foliat forget transvers measur extend map class group gamma act homeomorph mathcalumf show restrict action whole homeomorph group mathcalumf dens subset mathcalumf coincid action gamma subset precis let mathcald natur imag mathcalumf set homotopi class necessarili connect essenti disjoint pairwis nonhomotop simpl close curv set mathcald dens mathcalumf invari action gamma mathcalumf restrict action gamma mathcald faith prove restrict action mathcald group mathrmhomeomathcalumf coincid action gamma subspac,math.GT,2007-05-23,rigid theorem map class group action space unmeasur foliat surfac let surfac finit type sphere four punctur toru two punctur close surfac genu two let mathcalmf space equival class measur foliat compact support let mathcalumf quotient space mathcalmf obtain identifi two equival class whenev repres topolog equival foliat forget transvers measur extend map class group gamma act homeomorph mathcalumf show restrict action whole homeomorph group mathcalumf dens subset mathcalumf coincid action gamma subset precis let mathcald natur imag mathcalumf set homotopi class necessarili connect essenti disjoint pairwis nonhomotop simpl close curv set mathcald dens mathcalumf invari action gamma mathcalumf restrict action gamma mathcald faith prove restrict action mathcald group mathrmhomeomathcalumf coincid action gamma subspac,4
larg deviat poisson cluster process,paper prove scalar sampl path larg deviat principl larg class poisson cluster process consequ provid larg deviat principl ergod hawk point process,math.PR,2007-05-23,larg deviat poisson cluster process paper prove scalar sampl path larg deviat principl larg class poisson cluster process consequ provid larg deviat principl ergod hawk point process,1
larg number hypothesi review,larg dimensionless number aris ratio variou physic constant intrigu mani scientist especi dirac reli coincid larg number dirac arriv revolutionari hypothesi gravit constant g vari invers cosmic time hypothesi dirac known larg number hypothesi lnh spark mani specul argument new idea term applic work done sever author lnh basic platform review work relationship work point possibl timevari physic constant g also discuss,gr-qc astro-ph,2007-05-23,larg number hypothesi review larg dimensionless number aris ratio variou physic constant intrigu mani scientist especi dirac reli coincid larg number dirac arriv revolutionari hypothesi gravit constant g vari invers cosmic time hypothesi dirac known larg number hypothesi lnh spark mani specul argument new idea term applic work done sever author lnh basic platform review work relationship work point possibl timevari physic constant g also discuss,4
blowup problem semilinear parabol equat potenti,blowup rate estim solut semilinear parabol equat utdelta uvx upu omega time dirichlet boundari condit obtain applic shown asymptot behavior blowup time blowup set problem nonneg initi data uxmvf x goe infin found citec improv reason weaker condit compar citec,math.AP,2007-05-23,blowup problem semilinear parabol equat potenti blowup rate estim solut semilinear parabol equat utdelta uvx upu omega time dirichlet boundari condit obtain applic shown asymptot behavior blowup time blowup set problem nonneg initi data uxmvf x goe infin found citec improv reason weaker condit compar citec,8
even infinit dimension real banach space,articl continu paper first author citef complex structur real banach space defin notion even infinit dimension real banach space prove exist even space includ hi uncondit exampl citef ck exampl due plebanek citep extend result citef relat set complex structur isomorph real space group associ inessenti oper space give character even space term group also gener result citef total incompar complex structur essenti incompar complex structur show complex version space defin argyro manoussaki citeam provid exampl essenti incompar complex structur total incompar,math.FA,2007-05-23,even infinit dimension real banach space articl continu paper first author citef complex structur real banach space defin notion even infinit dimension real banach space prove exist even space includ hi uncondit exampl citef ck exampl due plebanek citep extend result citef relat set complex structur isomorph real space group associ inessenti oper space give character even space term group also gener result citef total incompar complex structur essenti incompar complex structur show complex version space defin argyro manoussaki citeam provid exampl essenti incompar complex structur total incompar,4
low frequenc sensit gravit wave astrod,astrod rel mission concept encompass multipurpos one main purpos detect gravit wave sensit lowfrequ band similar lisa shift lower frequenc aspect astrod would complement lisa probe univers studi strongfield black hole physic sinc astrod lisa cosmic vision timefram tenfold improv lisa acceleromet nois goal would possibl allow us test relativist graviti ppb improv gravitationalwav sensit paper address possibl improv especi frequenc rang mhz look possibl thermal nois improv magnet nois improv spuriou discharg nois improv local gravit nois improv discuss variou possibl lowerfrequ gravitationalwav respons signific potenti astrophys sourc,astro-ph,2007-05-23,low frequenc sensit gravit wave astrod astrod rel mission concept encompass multipurpos one main purpos detect gravit wave sensit lowfrequ band similar lisa shift lower frequenc aspect astrod would complement lisa probe univers studi strongfield black hole physic sinc astrod lisa cosmic vision timefram tenfold improv lisa acceleromet nois goal would possibl allow us test relativist graviti ppb improv gravitationalwav sensit paper address possibl improv especi frequenc rang mhz look possibl thermal nois improv magnet nois improv spuriou discharg nois improv local gravit nois improv discuss variou possibl lowerfrequ gravitationalwav respons signific potenti astrophys sourc,7
period orbit twist geodes flow weinsteinmos theorem,paper establish exist period orbit twist geodes flow low energi level dimens whenev magnet field form symplect spheric ration consequ gener theorem concern period orbit autonom hamiltonian flow near morsebott nondegener symplect extrema name show energi level near extrema carri period orbit provid ambient manifold meet certain topolog requir result partial gener weinsteinmos theorem proof gener weinsteinmos theorem combin sturmtheoret argument floer homolog calcul,math.SG math.DS,2007-05-23,period orbit twist geodes flow weinsteinmos theorem paper establish exist period orbit twist geodes flow low energi level dimens whenev magnet field form symplect spheric ration consequ gener theorem concern period orbit autonom hamiltonian flow near morsebott nondegener symplect extrema name show energi level near extrema carri period orbit provid ambient manifold meet certain topolog requir result partial gener weinsteinmos theorem proof gener weinsteinmos theorem combin sturmtheoret argument floer homolog calcul,4
structur factor harmon anharmon fibonacci chain molecular dynam simul,dynam quasicryst character exist phason excit addit usual phonon mode order investig interplay elementari level resort variou onedimension model system main observ static incoher coher structur factor extract molecular dynam simul valid algorithm result harmon period chain present studi fibonacci chain harmon anharmon interact potenti dynam fibonacci chain neighbor atom interact doublewel potenti allow phason flip differ structur factor dynam harmon fibonacci chain lie temperatur depend phonon line width bia introduc well depth dispersionless optic phonon band split,cond-mat.other,2007-05-23,structur factor harmon anharmon fibonacci chain molecular dynam simul dynam quasicryst character exist phason excit addit usual phonon mode order investig interplay elementari level resort variou onedimension model system main observ static incoher coher structur factor extract molecular dynam simul valid algorithm result harmon period chain present studi fibonacci chain harmon anharmon interact potenti dynam fibonacci chain neighbor atom interact doublewel potenti allow phason flip differ structur factor dynam harmon fibonacci chain lie temperatur depend phonon line width bia introduc well depth dispersionless optic phonon band split,7
gravitomagnet framedrag lunar laser rang,discuss measur gravitomagnet frame drag lunar laser rang lageo lare satellit graviti probe b,gr-qc,2007-05-23,gravitomagnet framedrag lunar laser rang discuss measur gravitomagnet frame drag lunar laser rang lageo lare satellit graviti probe b,7
power spectrum maxbcg cluster sampl new evid acoust featur,use direct fourier method calcul redshiftspac power spectrum maxbcg cluster catalog koester et al current far largest exist galaxi cluster sampl total number cluster use analysi account radial smear effect caus photometr redshift error also introduc simpl treatment nonlinear effect show current favor low matter densiti concord lambdacdm cosmolog provid good fit estim power thank larg volum h gpc high cluster amplitud linear effect bia paramet beff xsigma suffici high sampl densiti x h mpc recov power spectrum high enough signal nois allow us find weak evid sigma cl acoust featur result encourag light sever propos larg cluster survey case use photometr redshift error suggest koester et al left excess largescal power previous notic sever author,astro-ph,2007-05-23,power spectrum maxbcg cluster sampl new evid acoust featur use direct fourier method calcul redshiftspac power spectrum maxbcg cluster catalog koester et al current far largest exist galaxi cluster sampl total number cluster use analysi account radial smear effect caus photometr redshift error also introduc simpl treatment nonlinear effect show current favor low matter densiti concord lambdacdm cosmolog provid good fit estim power thank larg volum h gpc high cluster amplitud linear effect bia paramet beff xsigma suffici high sampl densiti x h mpc recov power spectrum high enough signal nois allow us find weak evid sigma cl acoust featur result encourag light sever propos larg cluster survey case use photometr redshift error suggest koester et al left excess largescal power previous notic sever author,5
classif ofsepar simpl calgebra induct limit continuoustrac calgebraswith spectrum homeomorph close interv,classif given certain separ nuclear calgebra necessarili real rank zero name class separ simpl calgebra induct limit continuoustrac calgebra whose build block spectrum homeomorph close interv disjoint union copi space also rang invari calcul,math.OA,2007-05-23,classif ofsepar simpl calgebra induct limit continuoustrac calgebraswith spectrum homeomorph close interv classif given certain separ nuclear calgebra necessarili real rank zero name class separ simpl calgebra induct limit continuoustrac calgebra whose build block spectrum homeomorph close interv disjoint union copi space also rang invari calcul,4
curvatur synthet differenti geometri groupoid,studi fundament properti curvatur groupoid within framework synthet differenti geometri usual synthet differenti geometri combinatori natur emphas particular classic bianchi ident deduc combinatori one,math.DG,2007-05-23,curvatur synthet differenti geometri groupoid studi fundament properti curvatur groupoid within framework synthet differenti geometri usual synthet differenti geometri combinatori natur emphas particular classic bianchi ident deduc combinatori one,4
comment experiment demonstr time revers aharonovcash effect,recent letter bergsten coauthor studi resist oscil gate voltag magnet field array semiconductor ring interpret oscillatori magnet field depend altshuleraronovspivak aa oscil oscillatori depend gate voltag aharonovcash ac effect comment show bergsten coauthor incorrectli identifi aa effect sourc resist oscil magnet field spin relax experiment set strong enough destroy oscillatori effect spin origin oscil caus chang carrier densiti fermi energi gate unrel spin,cond-mat.mes-hall,2007-05-23,comment experiment demonstr time revers aharonovcash effect recent letter bergsten coauthor studi resist oscil gate voltag magnet field array semiconductor ring interpret oscillatori magnet field depend altshuleraronovspivak aa oscil oscillatori depend gate voltag aharonovcash ac effect comment show bergsten coauthor incorrectli identifi aa effect sourc resist oscil magnet field spin relax experiment set strong enough destroy oscillatori effect spin origin oscil caus chang carrier densiti fermi energi gate unrel spin,7
fractur complex metal alloy atomist studi model system,molecular dynam simul crack propag perform two extrem case complex metal alloy cma model quasicryst structur determin cluster atom wherea model c lave phase simpl period stack unit cell simul reveal basic build unit structur also govern fractur behaviour atom lave phase play compar role cluster quasicryst although latter rigid unit regard signific physic entiti,cond-mat.mtrl-sci,2007-05-23,fractur complex metal alloy atomist studi model system molecular dynam simul crack propag perform two extrem case complex metal alloy cma model quasicryst structur determin cluster atom wherea model c lave phase simpl period stack unit cell simul reveal basic build unit structur also govern fractur behaviour atom lave phase play compar role cluster quasicryst although latter rigid unit regard signific physic entiti,7
dephas due fluctuat fraction quantum hall edg current,dephas rate electron level quantum dot place next fluctuat edg current fraction quantum hall effect consid use perturb theori first show rate anomal depend bia voltag appli neighbor quantum point contact lutting liquid physic describ fraction hall fluid next describ exactli weak strong backscatt crossov use betheansatz solut,cond-mat.mes-hall,2007-05-23,dephas due fluctuat fraction quantum hall edg current dephas rate electron level quantum dot place next fluctuat edg current fraction quantum hall effect consid use perturb theori first show rate anomal depend bia voltag appli neighbor quantum point contact lutting liquid physic describ fraction hall fluid next describ exactli weak strong backscatt crossov use betheansatz solut,6
index theori linear selfadjoint oper equat nontrivi solut asymptot linear oper equat,first establish index theori linear selfadjoint oper equat help index theori discuss exist multipl solut asymptot linear oper equat make use dual variat method mors theori final interest exampl concern second order hamiltonian system first order hamiltonian system ellipt partial differenti equat present illustr result,math.CA,2007-05-23,index theori linear selfadjoint oper equat nontrivi solut asymptot linear oper equat first establish index theori linear selfadjoint oper equat help index theori discuss exist multipl solut asymptot linear oper equat make use dual variat method mors theori final interest exampl concern second order hamiltonian system first order hamiltonian system ellipt partial differenti equat present illustr result,8
higherdimension temperleylieb algebra,categori generalis higher dimens mani featur temperleylieb categori introduc,math-ph math.MP,2007-05-23,higherdimension temperleylieb algebra categori generalis higher dimens mani featur temperleylieb categori introduc,4
tile model metadisloc alpdmn approxim,alpdmn quasicryst approxim xi xi xin nm decagon phase r tn nm decagon phase view arrang cluster column twodimension tile substitut tile penros rhomb show altern tile construct simpl cut project formal three dimension hyperspac follow approxim phason degre freedom whose excit result reshuffl cluster appli tile model metadisloc special textur partial disloc,cond-mat.mtrl-sci,2007-05-23,tile model metadisloc alpdmn approxim alpdmn quasicryst approxim xi xi xin nm decagon phase r tn nm decagon phase view arrang cluster column twodimension tile substitut tile penros rhomb show altern tile construct simpl cut project formal three dimension hyperspac follow approxim phason degre freedom whose excit result reshuffl cluster appli tile model metadisloc special textur partial disloc,7
univers dynam decoher control noisi singleand multiqubit system,articl develop step step framework univers dynam control twolevel system tl qubit experienc amplitud phasenois pn due coupl thermal bath comprehens arsen modul scheme introduc appli either pn result complet analog formula decoher rate thu underscor unifi natur univers formal address extens formal multipartit decoher control symmetri exploit overcom decoher,quant-ph,2007-05-23,univers dynam decoher control noisi singleand multiqubit system articl develop step step framework univers dynam control twolevel system tl qubit experienc amplitud phasenois pn due coupl thermal bath comprehens arsen modul scheme introduc appli either pn result complet analog formula decoher rate thu underscor unifi natur univers formal address extens formal multipartit decoher control symmetri exploit overcom decoher,1
properti zerolag longrang synchron via dynam relay,recent letter fisher et al report phenomenon zerolag long rang isochron synchron via dynam relay system delay phi rev lett bf report one two coupl system c delay introduct third element b c allow synchron even region paramet space possibl without presenc b studi detail phenomenon verifi case studi includ one report fisher et al occur due tendenc b b c antiphas synchron antiphas b b antiphas c impli c inphas show coupl quadrat map kuramoto rossler oscil also report simpler configur phenomenon occur nearli featur case studi fisher et al,cond-mat.stat-mech,2007-05-23,properti zerolag longrang synchron via dynam relay recent letter fisher et al report phenomenon zerolag long rang isochron synchron via dynam relay system delay phi rev lett bf report one two coupl system c delay introduct third element b c allow synchron even region paramet space possibl without presenc b studi detail phenomenon verifi case studi includ one report fisher et al occur due tendenc b b c antiphas synchron antiphas b b antiphas c impli c inphas show coupl quadrat map kuramoto rossler oscil also report simpler configur phenomenon occur nearli featur case studi fisher et al,7
symbol sensor one solut numericalsymbol interfac,paper introduc concept symbol sensor extens smart sensor one link physic world symbol one introduc creation symbol propos within frame pretopolog theori order adapt sensor measur context learn process use provid adapt interpret measur final exampl present case temperatur measur,physics.ins-det,2007-05-23,symbol sensor one solut numericalsymbol interfac paper introduc concept symbol sensor extens smart sensor one link physic world symbol one introduc creation symbol propos within frame pretopolog theori order adapt sensor measur context learn process use provid adapt interpret measur final exampl present case temperatur measur,1
symbol sensor,paper deal sensor comput report linguist assess valuessuch sensor call symbol sensor natur extens smart one work control system use artifici intellig base technic recal smart sensor concept paper introduc symbol sensor one link physic world symbol one describ shown zadeh approxim reason theori provid smart way implement symbol sensor final sinc symbol sensor gener compon function adapt measur context propos,physics.ins-det,2007-05-23,symbol sensor paper deal sensor comput report linguist assess valuessuch sensor call symbol sensor natur extens smart one work control system use artifici intellig base technic recal smart sensor concept paper introduc symbol sensor one link physic world symbol one describ shown zadeh approxim reason theori provid smart way implement symbol sensor final sinc symbol sensor gener compon function adapt measur context propos,1
comment six paper publish elhakiem cowork intern commun heat mass transfer journal magnet magnet materi heat mass transfer,comment six paper publish elhakiem cowork intern commun heat mass transfer journal magnet magnet materi heat mass transfer,physics.flu-dyn,2007-05-23,comment six paper publish elhakiem cowork intern commun heat mass transfer journal magnet magnet materi heat mass transfer comment six paper publish elhakiem cowork intern commun heat mass transfer journal magnet magnet materi heat mass transfer,7
light stop mssm paramet space,consid region mssm paramet space top squark becom light even may lsp happen tripl scalar coupl becom big compar show case requir lsp neutral impos notic constraint paramet space exclud low similar constraint higg mass limit case constraint overlap pictur take place wide region tanbeta narrow band close border line stop longliv particl decay quark neutralino chargino crosssect product lhc via gluon fusion mechan region may reach pb,hep-ph,2007-05-23,light stop mssm paramet space consid region mssm paramet space top squark becom light even may lsp happen tripl scalar coupl becom big compar show case requir lsp neutral impos notic constraint paramet space exclud low similar constraint higg mass limit case constraint overlap pictur take place wide region tanbeta narrow band close border line stop longliv particl decay quark neutralino chargino crosssect product lhc via gluon fusion mechan region may reach pb,2
gener jacobian hyperellipt curv,paper provid probabilist algorithm determin gener mtorsion subgroup jacobian hyperellipt curv genu two,math.AG,2007-05-23,gener jacobian hyperellipt curv paper provid probabilist algorithm determin gener mtorsion subgroup jacobian hyperellipt curv genu two,4
recent progress simul smallscal magnet field,new highresolut observ reveal smallscal magnet flux concentr delic substructur spatial scale basic structur interpret term magnet flux sheet tube vertic extend ambient weakfield fieldfre atmospher mechan equilibrium refin interpret come new threedimension magnetohydrodynam simul capabl reproduc corrug shape magnet flux concentr signatur visibl continuum furthermor shown characterist asymmetr shape contrast profil facular granul effect radi transfer across rarefi atmospher magnet flux concentr also discuss threedimension radiat magnetohydrodynam simul integr layer top convect zone midchromospher show highli dynam chromospher magnet field mark rapidli move filament stronger averag magnet field form compress zone downstream along propag shock front simul confirm pictur flux concentr strongli expand photospher homogen space fill chromospher field futur direct simul smallscal magnet field indic exampl recent work,astro-ph,2007-05-23,recent progress simul smallscal magnet field new highresolut observ reveal smallscal magnet flux concentr delic substructur spatial scale basic structur interpret term magnet flux sheet tube vertic extend ambient weakfield fieldfre atmospher mechan equilibrium refin interpret come new threedimension magnetohydrodynam simul capabl reproduc corrug shape magnet flux concentr signatur visibl continuum furthermor shown characterist asymmetr shape contrast profil facular granul effect radi transfer across rarefi atmospher magnet flux concentr also discuss threedimension radiat magnetohydrodynam simul integr layer top convect zone midchromospher show highli dynam chromospher magnet field mark rapidli move filament stronger averag magnet field form compress zone downstream along propag shock front simul confirm pictur flux concentr strongli expand photospher homogen space fill chromospher field futur direct simul smallscal magnet field indic exampl recent work,7
elementari biembedd impli isomorph,firstord theori schroderbernstein properti two model elementarili biembedd isomorph prove countabl theori schroderbernstein properti classifi superst ndop notop satisfi slightli stronger condit nonmultidimension name cannot model type p automorph f everi two distinct natur number j fip orthogon fjp also make conjectur class theori schroderbernstein properti character,math.LO,2007-05-23,elementari biembedd impli isomorph firstord theori schroderbernstein properti two model elementarili biembedd isomorph prove countabl theori schroderbernstein properti classifi superst ndop notop satisfi slightli stronger condit nonmultidimension name cannot model type p automorph f everi two distinct natur number j fip orthogon fjp also make conjectur class theori schroderbernstein properti character,4
schroderbernstein properti theori abelian group,firstord theori schroderbernstein properti two model elementarili biembedd isomorph prove g abelian group follw equival thg schroderbernstein properti thg omegast g direct sum divis group torsion group bound expon thg superst h satur elementari extens g everi map authh unipot,math.LO math.GR,2007-05-23,schroderbernstein properti theori abelian group firstord theori schroderbernstein properti two model elementarili biembedd isomorph prove g abelian group follw equival thg schroderbernstein properti thg omegast g direct sum divis group torsion group bound expon thg superst h satur elementari extens g everi map authh unipot,4
distribut ho co ice ariel umbriel titania oberon irtfspex observ,present micron spectral observ uranian satellit obtain irtfspex night spectra reveal first time presenc co ice surfac umbriel titania mean narrow absorpt band near micron sever addit weaker co ice absorpt also detect co absorpt seen oberon spectra strength co ice band declin planetocentr distanc ariel titania use co absorpt map longitudin distribut co ice ariel umbriel titania show abund trail hemispher also examin ho ice absorpt spectra find deeper ho band lead hemispher ariel umbriel titania opposit pattern oberon potenti mechan produc observ longitudin planetocentr distribut two ice consid,astro-ph,2007-05-23,distribut ho co ice ariel umbriel titania oberon irtfspex observ present micron spectral observ uranian satellit obtain irtfspex night spectra reveal first time presenc co ice surfac umbriel titania mean narrow absorpt band near micron sever addit weaker co ice absorpt also detect co absorpt seen oberon spectra strength co ice band declin planetocentr distanc ariel titania use co absorpt map longitudin distribut co ice ariel umbriel titania show abund trail hemispher also examin ho ice absorpt spectra find deeper ho band lead hemispher ariel umbriel titania opposit pattern oberon potenti mechan produc observ longitudin planetocentr distribut two ice consid,5
outstand issu understand l dwarf,sinc discoveri first l dwarf year ago discoveri first dwarf year amass larg list object number almost six hundr despit make headway understand physic chemistri atmospher import issu remain unexplain three subject paper role second paramet graviti metal shape emerg spectra l dwarf establish robust classif scheme object unusu valu logg mh unusu dust content unresolv binar easili recogn physic process drive unusu behavior lt transit observ obtain better confin problem object cooler look like know dwarf first observ one,astro-ph,2007-05-23,outstand issu understand l dwarf sinc discoveri first l dwarf year ago discoveri first dwarf year amass larg list object number almost six hundr despit make headway understand physic chemistri atmospher import issu remain unexplain three subject paper role second paramet graviti metal shape emerg spectra l dwarf establish robust classif scheme object unusu valu logg mh unusu dust content unresolv binar easili recogn physic process drive unusu behavior lt transit observ obtain better confin problem object cooler look like know dwarf first observ one,5
broken spinhal accumul symmetri magnet field coexist rashba dresselhau interact,spinhal effect twodimension electron ga deg gener symmetr outofplan spin sz accumul current axi absenc extern magnet field employ real space landauerkeldysh formal b k nikol et al phi rev lett phi rev b consid fourtermin setup investig circumst symmetri broken absenc dresselhau interact start appli outofplan b correspond zeeman split energi time rashba hop energi tr break process clearli seen influenc rashba interact magnet deg studi herein coexist rashba tr dresselhau td spinorbit coupl absenc b interchang tr td revers entir accumul pattern,cond-mat.mes-hall,2007-05-23,broken spinhal accumul symmetri magnet field coexist rashba dresselhau interact spinhal effect twodimension electron ga deg gener symmetr outofplan spin sz accumul current axi absenc extern magnet field employ real space landauerkeldysh formal b k nikol et al phi rev lett phi rev b consid fourtermin setup investig circumst symmetri broken absenc dresselhau interact start appli outofplan b correspond zeeman split energi time rashba hop energi tr break process clearli seen influenc rashba interact magnet deg studi herein coexist rashba tr dresselhau td spinorbit coupl absenc b interchang tr td revers entir accumul pattern,7
